cluster_id,x,y
0,0.07267684625067812,-0.05125842407547367
1,0.05397114266151822,0.003509928338286851
2,-0.06977906235510395,-0.048062635638791255
3,-0.03496205086277518,0.02222180531589753
4,-0.005626279637443336,0.12519059702211432
5,0.014934755086000687,0.07647189243913773
