cluster_id,x,y
0,-0.006032932204792944,0.11468100672241528
1,-0.05131281713465374,-0.04544292523867465
2,0.1646741369865379,-0.05330086407193794
