x,y,Work,Focused Learning,Skill practicing,Physical Endeavors,Scrolling,jorking,Passive media,Active Media,System Architecture
-0.006032932204792944,0.11468100672241528,0.5333333333333333,0.378735632183908,0.13125,0.4305555555555556,0.346875,0.3166666666666667,0.29043715846994533,0.22847222222222222,0.16666666666666666
-0.05131281713465374,-0.04544292523867465,0.05714285714285715,0.24055829228243022,0.15476190476190477,0.023809523809523808,0.4880952380952381,0.4,0.44574551131928175,0.24047619047619045,0.23562610229276898
0.1646741369865379,-0.05330086407193794,0.26666666666666666,0.2413793103448276,0.05000000000000001,0.08333333333333333,0.13541666666666666,0.13333333333333333,0.15081967213114753,0.12037037037037036,0.7450617283950618
