x,y,Sleep Quality,Waking Energy,Work,Focused Learning,System Architecture,Skill practicing,Physical Endeavors,Scrolling,jorking,Passive media ,Active Media,Dominant Emotion ,Dominant Emotion,NIC,CAF,ALC,L-TY,WE,hours_slept,Waking_Energy_Yesterday,bedtime_std_4_days
-0.04035736067841308,0.06448815028377351,0.7179487179487178,0.375,0.0,0.2076923076923077,0.1495726495726496,0.07307692307692307,0.09615384615384616,0.09081196581196584,0.46153846153846156,0.27518959913326113,0.3126068376068376,0.5153846153846154,0.6581196581196581,0.2846153846153846,0.038461538461538464,0.22672064777327933,0.0,0.0,0.2854251012145749,0.3076923076923077,0.25680242919410634
-0.014971254669419138,-0.02468826914203163,0.6388888888888888,0.515625,0.041666666666666664,0.35308333333333336,0.39666666666666667,0.08562499999999999,0.21145833333333336,0.1826388888888889,0.31,0.4052112676056338,0.11340277777777778,0.525,0.3388888888888889,0.10666666666666666,0.10075,0.0,0.0625,0.025,0.42631578947368415,0.521875,0.39846763116922
0.07558066981733226,0.029128250821500546,0.4666666666666666,0.575,0.8666666666666666,0.279,0.3244444444444444,0.083,0.175,0.058333333333333334,0.3,0.19464788732394367,0.10555555555555556,0.63,0.4222222222222222,0.07,0.25,0.0,0.0,0.0,0.4466165413533834,0.675,0.7886872920255784
