cluster_id,x,y
0,-0.04035736067841308,0.06448815028377351
1,-0.014971254669419138,-0.02468826914203163
2,0.07558066981733226,0.029128250821500546
