x,y,Sleep Quality,Waking Energy,Work,Focused Learning,Skill practicing,Physical Endeavors,Scrolling,jorking,Passive media,Active Media,Dominant Emotion,Dominant Emotion intensity,System Architecture,NIC,CAF,ALC,L-TY,WE,hours_slept,Waking_Energy_Yesterday,bedtime_std_4_days
0.06550941248919234,-0.03028642364171767,0.9230769230769231,0.3173076923076923,0.0,0.11405835543766579,0.2,0.09615384615384616,0.5096153846153846,0.4307692307692308,0.3984867591424968,0.32158119658119655,0.5769230769230769,0.5576923076923077,0.15242165242165243,0.15384615384615385,0.038461538461538464,0.14529914529914528,0.0,0.0,0.3400462198745461,0.3173076923076923,0.23013476869653018
-0.07118960651636211,-0.04817264452949768,0.5555555555555556,0.5416666666666666,0.8518518518518517,0.2567049808429119,0.09222222222222223,0.20370370370370372,0.2847222222222222,0.2888888888888889,0.24408014571949,0.145679012345679,0.6888888888888889,0.3888888888888889,0.40452674897119345,0.2222222222222222,0.3888888888888889,0.0,0.0,0.0,0.37339055793991416,0.6111111111111112,0.8100430161354324
-0.013815721410778003,0.0421056218646936,0.7532467532467532,0.6136363636363636,0.303030303030303,0.43981191222570537,0.08181818181818182,0.09090909090909091,0.2840909090909091,0.2545454545454546,0.34605067064083456,0.13712121212121212,0.6181818181818182,0.29545454545454547,0.4292929292929293,0.4090909090909091,0.18181818181818182,0.0,0.0,0.0,0.4116269996098323,0.5795454545454546,0.3484369964387105
-0.004796214929881215,0.1309411426212175,0.8571428571428571,0.5,0.0,0.5862068965517241,0.09999999999999999,0.0,0.5,0.3333333333333333,0.628415300546448,0.2638888888888889,0.5,0.20833333333333334,0.362962962962963,0.6666666666666666,0.0,0.0,0.5,0.0,0.24463519313304719,0.5416666666666666,0.9586958524803961
