cluster_id,x,y
0,0.06550941248919234,-0.03028642364171767
1,-0.07118960651636211,-0.04817264452949768
2,-0.013815721410778003,0.0421056218646936
3,-0.004796214929881215,0.1309411426212175
